<?xml version="1.0" encoding="UTF-8"?>
<project-private xmlns="http://www.netbeans.org/ns/project-private/1">
    <editor-bookmarks xmlns="http://www.netbeans.org/ns/editor-bookmarks/2" lastBookmarkId="0"/>
    <open-files xmlns="http://www.netbeans.org/ns/projectui-open-files/2">
        <group>
            <file>file:/C:/Users/291400733/Documents/NetBeansProjects/EliteGames/src/Visao/FormVenda.java</file>
            <file>file:/C:/Users/291400733/Documents/NetBeansProjects/EliteGames/src/Visao/FormCliente.java</file>
            <file>file:/C:/Users/291400733/Documents/NetBeansProjects/EliteGames/src/Visao/FormCategoria.java</file>
            <file>file:/C:/Users/291400733/Documents/NetBeansProjects/EliteGames/src/Modelo/Game.java</file>
            <file>file:/C:/Users/291400733/Documents/NetBeansProjects/EliteGames/src/Modelo/Itens.java</file>
            <file>file:/C:/Users/291400733/Documents/NetBeansProjects/EliteGames/src/Conexao/Conexao.java</file>
            <file>file:/C:/Users/291400733/Documents/NetBeansProjects/EliteGames/src/Modelo/Funcionario.java</file>
            <file>file:/C:/Users/291400733/Documents/NetBeansProjects/EliteGames/src/Modelo/SubCategoria.java</file>
            <file>file:/C:/Users/291400733/Documents/NetBeansProjects/EliteGames/src/Modelo/Categoria.java</file>
            <file>file:/C:/Users/291400733/Documents/NetBeansProjects/EliteGames/src/Modelo/Venda.java</file>
            <file>file:/C:/Users/291400733/Documents/NetBeansProjects/EliteGames/src/Visao/FormSubcategoria.java</file>
            <file>file:/C:/Users/291400733/Documents/NetBeansProjects/EliteGames/src/Modelo/Cliente.java</file>
            <file>file:/C:/Users/291400733/Documents/NetBeansProjects/EliteGames/src/Visao/FormGame.java</file>
            <file>file:/C:/Users/291400733/Documents/NetBeansProjects/EliteGames/src/Controle/ClienteDAO.java</file>
            <file>file:/C:/Users/291400733/Documents/NetBeansProjects/EliteGames/src/Modelo/Estoque.java</file>
            <file>file:/C:/Users/291400733/Documents/NetBeansProjects/EliteGames/src/Visao/FormPlataforma.java</file>
        </group>
    </open-files>
</project-private>
